Theta0,Theta1
8499.59964993304,-0.02144896359170056